filename,room_width_m,room_height_m,room_depth_m,src_x_m,src_y_m,src_z_m,mic_x_m,mic_y_m,mic_z_m,distance_m,RT60_s
rir_0000.wav,5.963877437301715,3.080304828823752,9.499518940224963,4.8105609582558015,6.665429244180812,0.9951921695905488,3.2047744430338763,5.028463321957766,0.5840316496275885,2.3296482000860848,0.5353670983310466
rir_0001.wav,6.555911637075817,3.929717130700596,9.079675237036584,5.390202651567316,4.649942530569315,3.0608913500004906,5.510364803484931,4.035686146797733,2.9906669993591777,0.6298264103549539,0.47513020193125133
rir_0002.wav,5.007132940785969,5.033115620721784,5.388887208607996,2.5296213057332797,3.3640183081765938,1.6176740480490943,1.9072535226067808,3.965499245134854,0.6685932821124051,1.2844747079132979,0.8922245245283206
rir_0003.wav,8.527563503582952,2.739561485220499,13.491439419160038,4.831060751743049,7.7781903244017965,1.6256266980951095,0.7469945388047933,4.484981800120137,2.032867728654283,5.262191983673354,1.7971962558446646
rir_0004.wav,11.467793272871193,4.325070257147124,8.811162108132438,8.666343749174839,3.050551363123177,2.548753466988159,10.619394022493976,5.674025510894052,1.1611012132506675,3.552829963766464,0.8940209060824743
rir_0005.wav,11.144250110096728,2.5065672151713225,14.20385023347959,3.134367999496265,5.267161614179071,1.7934598309800178,7.488481656423952,10.142683966330818,1.4621792487678653,6.545133365174947,0.44858814101541905
rir_0006.wav,14.845723795587357,4.396818799428999,6.334371896782456,6.993275492701885,3.4009062872501383,3.3774284652683666,13.34332351147146,0.5439410668532644,0.7377346317345197,7.446700185050649,0.535310400719675
rir_0007.wav,12.918411962443194,5.927579509252834,13.17951970160109,3.7980868364695866,7.242761490234488,3.7582565909669476,3.25797698839958,10.271339867721652,4.814886108041133,3.252763682304236,1.0525245692722323
rir_0008.wav,6.721232002267162,3.3369630842122753,4.113788698593441,5.668779462124073,1.9746950448826082,1.2340957031712785,5.584774888685005,2.037241036149917,1.4390305636101244,0.23014575035263915,1.7587235335952742
rir_0009.wav,12.151032411487456,4.5114037652336885,3.573422393800433,10.598807510661194,1.2304714693004735,2.54441984510589,1.3385291339454892,2.7557311934859055,2.3567074424981262,9.386927547743374,0.5992250524941717
rir_0010.wav,6.702700655952497,3.5860757961056082,16.193750098773357,4.742056117583563,12.271893220634905,1.1722537325258955,0.5012827065749996,9.00390068036628,1.5710223111993145,5.368701029681741,2.481479451479606
rir_0011.wav,7.751951336272304,5.818322595864231,9.6490280947471,2.1757359259848483,9.08190522746447,2.0726351929739493,5.386064578132061,1.9800635193526117,3.58092108614765,7.9383431544259455,0.5475927729709151
rir_0012.wav,3.0809787029751075,3.9550560549677973,5.829112958866022,2.2420330606207526,2.8447520341188732,0.7837806609198036,2.045472701989515,1.2308354057997588,0.6972208930859249,1.6281447881431288,1.3043226353800703
rir_0013.wav,14.509497673530365,3.531272539037343,11.576168599827584,10.067406127326162,1.512599026009749,2.454072114695493,13.32373850137655,3.754120435980345,2.8584887954100564,3.9738736282480582,1.0641983087065432
rir_0014.wav,5.251410062598941,4.5281939613415565,5.7487976630546935,1.0709247149983194,3.501983389527187,2.2184934952513173,3.4282285458347723,1.296322874631684,3.043238092188038,3.3319698840208063,0.567668519924534
rir_0015.wav,4.3645756193314575,5.446619955021481,18.24469572746511,1.0873190774098196,7.576972671965086,3.5867314018613716,1.1073897135281918,6.591995939218194,4.232515379605518,1.1779723852442343,1.3659347370223307
rir_0016.wav,14.222488609610073,5.492856492647906,13.930053445939665,10.463641767741434,7.828992463951395,4.7623638575739555,11.728690788845736,12.00933556962216,1.5360257133714639,5.429997728145199,0.7631242259615267
rir_0017.wav,6.928063732775692,5.1605432212803235,12.670206806390585,6.1339461616379145,7.182685686861717,3.9838948740135893,5.2476562957905255,2.099413931686895,4.293074147416023,5.169212056625609,1.7548600738501037
rir_0018.wav,6.773194664314909,4.380104230566584,11.774429019444682,3.9462722041799085,2.0680030663376487,3.1086651071440854,1.8788217305172217,7.690256412518606,1.519288393186114,6.197596509015642,0.6287824751375293
rir_0019.wav,13.451177815510146,5.556158470597739,10.66060015297715,7.962081139413754,1.2066167632533118,4.8854016887322524,7.062734520293698,1.7814967279393843,2.9727187957653833,2.1903577708146784,0.9055134573914244
rir_0020.wav,10.459803045147554,5.012919288123387,4.230063466037827,4.168572590479153,3.6634138233189666,2.8170578534252018,1.8540663666627153,1.0180441961579207,2.2207237364373587,3.5651835721986136,1.6762364265070586
rir_0021.wav,12.092225782048438,4.930579561325034,8.908101606982386,10.024839420613299,7.059418308301042,0.5273550385479189,0.6681627054496743,7.59859185487214,2.9445109200764144,9.678881641027283,0.9992495997143783
rir_0022.wav,8.697940202323826,5.192684228937845,18.8548274119292,4.9346764469066215,1.065174828405843,3.4010617369388503,1.7129006729665408,0.9391039017061561,3.423067698464262,3.2243165599005295,0.7247227357525047
rir_0023.wav,4.602656349368977,3.194392576268997,19.871752001874416,1.271657325416454,9.69517616268586,1.0675764654327728,0.9699417770096688,18.65781983743464,1.8446664042009036,9.001326718078808,0.35254056384945054
rir_0024.wav,14.19371236224617,4.163659715603151,8.364893348127628,1.415289387617047,7.678553481996834,3.2122307381321784,5.17444902848378,1.7339015831431266,1.026250458614663,7.365370132349479,0.5433642902544124
rir_0025.wav,5.239034501623985,5.78276481031433,16.651420246944742,1.0885383648219762,15.01982479482145,2.41082353031485,3.7650595319470677,0.6355778454997187,2.7809401245572865,14.635822906501494,2.5
rir_0026.wav,10.038238665760911,5.966556024448406,8.473882361469629,3.9884472361482213,6.2840065019639475,4.726780861283563,6.077944514459518,5.670768488909758,2.374549997910213,3.2054718484695983,0.7203347302954773
rir_0027.wav,13.758167397100165,4.086494045892311,17.712521636400847,2.334015845131905,0.5866133461069213,1.0428972018540346,4.458184094115645,8.759961619172632,1.2966469441287698,8.448674551343625,1.6893410340684403
rir_0028.wav,7.012213338658992,4.191102970483821,17.642009877213155,4.572625048893132,13.518882034042589,3.21725855486543,2.3145717667711354,2.7981447421643253,1.5453104473635828,11.082798526570363,1.5623414643213758
rir_0029.wav,9.060166058811218,5.629222111696115,8.532328356126657,7.629314168646402,4.877783561810949,0.669173001249646,2.2484496499469175,2.778241505552023,0.7746052841921176,5.7769278843417675,0.5130557440857962
rir_0030.wav,5.489971066216138,3.9577882142986818,10.278045844354283,1.0474841455696193,1.1477236745757653,3.407118833563411,3.4943773695862625,7.099393404911028,3.4218781248362355,6.435050649793401,0.40955147432568056
rir_0031.wav,6.372634933177796,3.4782422111120495,19.33405663201295,2.8998281592511446,14.986555196752647,2.6340409959232582,4.322972626246234,16.57829111877019,2.930640146626692,2.155674946641484,0.41077875152491977
rir_0032.wav,10.397613544991,3.529175416775782,3.776537926345383,5.395074100579709,0.9552119162847467,0.6124235524664506,1.4312150698878123,1.7670197280092403,2.963143476808695,4.679433138861397,0.5908161759205861
rir_0033.wav,11.905659777106479,4.387211451759764,8.343368288074608,10.66525958922733,0.8448517582822751,1.9845859908075483,7.018527321476337,5.655333633474517,2.6479802384327056,6.072848098873503,2.190010979836895
rir_0034.wav,4.181791172341287,2.8702974104515904,17.594536302388082,2.8832102823129686,9.100932983674584,0.5724747021357783,3.632608813417152,13.966893330725178,1.2034855153072401,4.963601807541491,0.5292177442603027
rir_0035.wav,6.158751823704954,2.74255566526909,3.772097437265731,3.9032369478483973,2.2432501324113585,1.3908766533761807,1.5863670185789451,1.0386053388266328,1.1670518435710977,2.62090688376144,0.8927645162012087
rir_0036.wav,9.412782181151229,3.5643770597933973,6.7224331505318755,0.9975283416068641,2.115010568686877,2.516348134768731,3.1230298135593237,4.461661337341598,0.9251844906819713,3.5434909453197876,0.7517929189263884
rir_0037.wav,7.5049764019317475,5.463168511406391,5.041032362533493,6.393185665332888,1.1103426288746066,2.760840670159013,4.776544124731465,3.894801091270247,0.9745741196246822,3.6820492920604226,0.7926480220411048
rir_0038.wav,4.846901033383748,3.0915396637811456,17.90588528354706,2.946651776141842,8.92322279035584,1.1930089801342658,4.27414262002902,5.691369848568646,1.594427843129036,3.516851216857325,0.685060671642159
rir_0039.wav,7.888606313645709,5.531542172839541,9.222758095539012,1.4371702515876534,2.578211812194747,2.6014180057729748,1.8152238194552517,3.326282257138985,4.826602411828647,2.377809818242373,0.5063060841582079
rir_0040.wav,7.867640653392215,3.821142550509255,14.587894543378695,2.3156088697425816,10.615817991157586,2.603948870138947,3.377229842300125,11.464184568526527,2.8800732594551066,1.386726222924315,0.7413343222599001
rir_0041.wav,6.677351245012461,2.872987943128592,15.026995436066711,1.8158030867640558,10.509228891537104,2.2602092369842017,4.080461141736182,10.968035739510107,1.5575088467463907,2.4151537566244983,0.5573439518841632
rir_0042.wav,12.780261918833494,5.499076441121966,9.320251168805548,8.961717439197711,4.871628634669991,4.760440689546677,9.192533794774135,5.520593303008897,3.185590630528482,1.7188903511112688,0.6466393861665601
rir_0043.wav,3.959244149896693,4.827319787926908,10.289745696528973,1.4634397884807429,3.0828075487159854,1.7278543422657606,2.739665444362881,3.542946923291481,0.855346314147163,1.6129942429835036,0.6623826589234081
rir_0044.wav,4.020120940786363,5.356622643403719,13.109652407693973,3.1067387001445814,8.779479992587113,2.4093430472350743,3.075794688886767,5.784048287492721,4.28685068873643,3.5353364161863587,0.45576333473105946
rir_0045.wav,3.714252923768429,5.802530740873013,10.848930553523347,1.4705575084173501,7.02516380692084,4.62639090993035,1.392981045310243,0.5526218557815049,1.6452398508000508,7.126505388634777,0.4013639467651455
rir_0046.wav,5.161844283661294,3.9741225169732157,16.170332868988353,2.124119039388817,4.029216216933338,2.42026024494934,2.7157455846123337,7.1545762248174585,2.0143873303224784,3.2066540148139224,1.2784117106121036
rir_0047.wav,14.579096438209643,4.615979075282729,5.122987009828412,2.707296681998691,2.461139940671609,0.560904356393212,8.888012551138509,1.63165074511826,3.555934446066169,6.918056534795226,0.6811373063444021
rir_0048.wav,14.294365085216315,5.979760626550822,15.857083350667484,11.823544583447514,14.655483820624239,1.454257636096251,13.123185481041455,11.928151281674548,5.363531390830737,4.940630580216296,0.7798601774025749
rir_0049.wav,6.044884545196057,3.803414241612122,3.6493861282959617,5.0328678021678135,1.1971623778029303,1.0907670812378758,4.443939228445596,0.6058872886075848,3.073161808365078,2.150890966597606,0.9336290525950942
rir_0050.wav,12.606481565213333,3.393079324951616,8.735929917322682,0.713800921017578,5.57155033645862,1.2496552330210768,11.449102987833204,3.795463419272629,2.2427626923981983,10.926456773769143,2.5
rir_0051.wav,10.18494062269098,4.465135050075717,3.02898159044752,1.692268791965749,1.7854083564744123,1.9412752665338222,2.3250300069559784,2.175948826964588,2.203744576424458,0.7885421693993705,0.33997340620698363
rir_0052.wav,3.0608582733724874,4.065431584142609,3.100760840241933,1.0255548531906322,1.144648800391996,2.0676570727650816,1.6124094307332841,1.8530142600412807,3.00531416710845,1.3135374932522312,0.8856755798971669
rir_0053.wav,7.670842885445248,4.5448898803113265,4.56454142150844,4.904132520448862,3.526856805721652,0.627061581106846,6.181382895152386,1.465291404144135,2.365783320527963,2.98405323541611,0.40699284860747165
rir_0054.wav,11.196751017577677,2.9880093731817885,7.022526068412078,5.265043900897484,5.985034512236065,1.2360335457188778,5.697884078718953,0.7007206186773229,1.686123171027189,5.321081151044837,0.4074597187870298
rir_0055.wav,5.524313239896178,2.9239925612712643,15.86768445525848,0.8534965587260616,7.944262438737753,2.0488042381412104,3.303977779775683,13.953605215672734,1.4042262805521017,6.521697598695237,0.36735324136147474
rir_0056.wav,3.292389787573554,2.98169477020691,19.12318132613704,0.7549754616486928,16.749842154070734,2.2189350465428137,2.6307839104349733,4.647660063878506,1.1283917020886758,12.295151624394094,0.6866480233934394
rir_0057.wav,13.869138389667818,2.829034855098669,11.661972310940662,12.850152287425228,9.941853527373318,1.5374769358554858,0.5166950626097835,9.168640121400246,1.8065904231288719,12.360600638988432,0.5632198022110677
rir_0058.wav,4.006146027261894,5.849219142689152,7.246918057928257,1.1910512854075723,4.979326897483074,4.916401353659928,0.7725566747301202,5.104911345196664,4.654646344780421,0.5093376849862086,0.5288906044791464
rir_0059.wav,7.148221507396749,2.5907011883100517,5.7972002626870704,1.9126911054617666,4.537471811542082,1.7654773973896363,2.2109130359248375,3.7136261504931563,1.980223308894793,0.9020941190066821,1.334166869982328
rir_0060.wav,3.833271113996605,4.33682845210009,6.458287506675356,2.103156904200611,3.114309983775902,2.8376729382302606,0.5367411813793782,1.8062208606401022,1.790270593806943,2.2938629082556816,1.7195304137544718
rir_0061.wav,6.395783045527497,3.3899896765122026,10.067454814257081,5.4942414769500205,3.690907389095227,2.85085281946356,0.6818379354828514,6.880535352299346,1.9864473220893384,5.837820762362458,0.37720907678561083
rir_0062.wav,13.212732374349168,3.1734115582338713,5.571931364467478,3.7702864300525354,1.0897257632304598,0.5016748751693058,5.0481876483171515,2.300178165636475,0.7933315300614402,1.7841777227831181,0.5057920846941355
rir_0063.wav,3.4059434474525783,4.150248066214179,3.895538664400788,2.0239838804128327,1.7040596825298777,2.7406423944383307,1.486452260760821,1.0079474027720718,2.8570947541446703,0.8871717422441381,0.2927366395311592
rir_0064.wav,12.133107639371566,3.182599489511996,3.063573678839793,9.748335303940662,0.6391245135485718,1.834558501350491,1.0482993139423875,2.193139910364452,1.1493155171201932,8.864262407456298,0.43170127349218795
rir_0065.wav,11.340298526692536,4.178405397147784,6.03368507833691,6.189281551312017,5.006866954808854,1.9114383067152332,3.3075211309325576,5.09050427976109,3.360149780549284,3.2265001560528694,0.5565162444052622
rir_0066.wav,11.641157253171382,2.6406401290949435,8.402490978510173,9.302831466575803,4.020363772309143,0.9886183436729277,1.9096114024537636,5.683942915693613,1.141164897035655,7.579608758622265,0.7228762810096812
rir_0067.wav,4.995557961119467,2.9939458977473272,19.96312479006739,2.070655002209323,10.677842588263825,0.762925021023481,2.56451251244728,16.9548095199206,2.2474429100080817,6.469003204841254,1.5434800846339098
rir_0068.wav,4.535294909216669,5.105857798341736,19.82071084692455,2.1800247539792563,7.495003359841861,2.430119778652583,0.6976442420183454,8.939446267279367,0.7411440958184506,2.6714239933587915,1.1493583603897803
rir_0069.wav,10.510615231100932,4.729770117167642,12.769676999614843,6.028108273923335,8.912742604376607,3.466472474531672,9.86825791063882,5.079789236639984,3.200534417037843,5.432219049526002,1.5482023348453218
rir_0070.wav,3.517369058616224,3.488845488203071,7.125181357320914,1.1603849298266398,1.0984336566905348,2.906657005332241,2.5792155073933376,0.9459685029609675,2.370771306093613,1.524302894305624,1.445732810884586
rir_0071.wav,4.107649918524243,3.5515924772678087,14.106656804469791,2.6007824806975375,11.354692300642654,1.4828559886841635,0.9876379689927085,6.610563245800693,1.5562109402620867,5.011424613177384,0.3917058240433593
rir_0072.wav,5.56043966494828,5.20361763747287,10.681728535675568,3.147908803523545,6.028956245221064,1.3855765973744307,2.385864593404666,8.294236559892576,0.7273383705490227,2.479008641668728,1.3403682734515427
rir_0073.wav,6.857219172162446,2.6759748522861955,18.32548683893162,0.8793705170269132,3.389034196358731,1.6665652624745944,4.636789982349661,12.409657689238802,0.8895423432422893,9.802735019151463,0.6559397514993937
rir_0074.wav,11.332334578616505,3.9931074176078782,7.798534316513301,6.164713815333966,5.1368418613355376,2.4791734609986396,5.310701217850927,4.0993324443209085,2.8404578748603875,1.391506282685489,1.8509190598632776
rir_0075.wav,10.831167664511026,5.408633789899145,4.676091786133032,9.734174931218732,1.9254913446860178,4.872849108791119,8.64373303155897,2.0772033392038622,2.2510461896817353,2.843577080450723,0.7735089163772254
rir_0076.wav,5.795066104318181,2.6888226841430503,4.12494425756853,2.0839865506999224,3.3841997295384534,1.3384607104767872,3.103883181658943,1.068413699215459,1.9143109769070057,2.595121886430086,0.4618991396219053
rir_0077.wav,6.940784241127287,2.9460500005323356,16.452817698760846,1.8139736568221358,3.670243504857142,2.2519266127931363,2.8118531223092607,7.735256909258501,2.261530816208003,4.185712561359993,0.49210606987495703
rir_0078.wav,11.544971415861607,5.622368176948031,7.059072477734628,3.6192798510212087,2.11701608511708,1.888903169413392,6.781959494500885,5.2898439370156325,3.8668931553399544,4.89712400184942,2.057374405617528
rir_0079.wav,4.599000809186753,2.882008163567907,19.328355301740306,3.235699627971414,9.897559635053522,2.1792119366286955,2.3444005171479465,17.1024105163448,0.6774624049000855,7.413470306317111,0.8337769381570227
rir_0080.wav,9.5821934793786,4.4175839819142375,12.795935509803002,7.810163559193285,8.595409299247994,1.557336493449925,7.795968622254282,10.892848150433498,2.2746194113514364,2.4068488850537704,0.534236034299701
rir_0081.wav,5.744000848742688,4.968932009923738,14.471667457759374,0.5370330448283249,13.049032583697477,3.9087968806022944,3.083064449387574,11.380244471854908,3.381691532347731,3.089493441227476,0.6132375263382583
rir_0082.wav,9.938221843803372,5.939401659975048,16.223038090708386,4.55341086614039,14.440164346493084,4.521860418003135,8.39340529998393,12.185391607890615,2.9952828370472147,4.707440542945974,0.6259447532814315
rir_0083.wav,10.379014818067656,4.3361401860249185,4.886276877233788,8.030553564641025,2.044867360981572,0.6873816455702995,4.914341254903528,2.3958562646247286,1.9343592666770613,3.374748221331661,1.1078179718695484
rir_0084.wav,8.098044787760456,4.9983768149868775,17.818367117983136,6.547844533838946,1.8882386496352463,3.1417360432339434,7.4938284438635385,3.9933526061340388,4.339680042278005,2.6002807834380297,2.5
rir_0085.wav,3.250827438656595,5.947963121076722,12.306309507850782,1.3239529249609923,7.6699869725777265,4.963659172281674,2.1630905649825443,2.564651654574392,4.239437952938613,5.224279573558434,0.664691691059266
rir_0086.wav,4.654680744160485,4.42613129362242,3.7619889667523143,3.6416528044477916,1.0592485462376096,3.019812390401552,2.2455834863626407,3.2181644501635067,2.0502096679479873,2.747736679616931,0.35686789740433955
rir_0087.wav,3.1453673194677343,3.237405379522043,16.322380505552534,1.60983251893064,9.063825248733913,1.3636908896557867,2.527949409963753,14.842261392286566,0.7232862800582958,5.885862804611545,1.0178076685205806
rir_0088.wav,5.993804256199631,5.466875213491069,4.815036127290677,5.190673354131084,3.0919898767526637,2.1405550869965944,4.620255602652756,2.6654087005975815,0.8341048857166504,1.48800538959906,0.3882131024258786
rir_0089.wav,5.316844223473247,5.114896360913318,12.315082123550564,3.377137603738956,9.432953743262463,0.9153808911297227,3.193329356116623,0.6545007286841962,1.6197650188557218,8.808585573203258,1.4449469021185117
rir_0090.wav,13.978120949315532,3.240333297657353,19.304411407202974,4.333909492608479,5.081058213273453,1.8076810381007768,7.484940109006436,10.65437231613493,0.84289387890141,6.474692139182211,0.7663601713958373
rir_0091.wav,9.529219647808956,3.276148366982473,14.62345174599635,7.8906511194447,1.2225097801961624,1.7555767163253098,2.454557430284807,10.921255103151323,1.661523035966099,11.118705928823628,0.7805262620419435
rir_0092.wav,7.975289936912269,4.056046760638901,4.250860509274835,2.6087115793211786,3.310618722198772,3.1676855594486986,6.558372726570186,1.8855405092080146,1.542956122485808,4.502267965654979,1.3460801930361321
rir_0093.wav,11.557156418295286,5.010907208531607,17.943363406801247,7.46851099129123,6.76520927066678,2.930685433557381,6.361221789045069,13.730629516927273,2.7660522516383588,7.0548049348664,1.6491296007117477
rir_0094.wav,9.48597758677003,5.307350394268782,5.386116972898159,1.584923108209677,1.3544750723461152,1.1151600103046495,4.688057341670717,4.777337676292651,2.2615488456674653,4.760214053823422,1.0137125287149613
rir_0095.wav,3.7652977122297444,5.246321118393906,7.549892256082957,0.9851990753508448,3.672840534871538,2.1341136713819813,0.7405510172207279,2.072758409853524,0.6157982469386443,2.2193235922802135,0.5490896149648836
rir_0096.wav,5.943361321700486,3.366249372759876,5.2954056353135375,5.304063759009442,4.276591058587942,1.282909867126802,1.3010606296480536,3.2242570240737187,1.9442556341282518,4.191517529177802,0.5871667255905519
rir_0097.wav,4.207615117438621,2.9099251758152236,12.069543839897964,1.1618002202224893,8.03120618952312,2.3831824964924437,0.995502911283086,1.97349805132132,1.5116353103831706,6.122342458586567,0.32728248039985575
rir_0098.wav,5.574190712399979,4.888762443380068,14.877961250301901,4.765337600760539,3.2334524061477996,2.5971231023787587,1.7657615141087104,10.019340515893076,4.267815071353369,7.605060538404153,0.6621228688404637
rir_0099.wav,5.345498732697713,4.695517955895769,3.4425607118406294,1.3122339409263912,2.66330604275179,1.7738931235224669,2.325652064118617,2.525317459014031,3.4692599382140905,1.979981256985537,0.8150860376149128
rir_0100.wav,3.2795917606428246,5.358436358758981,11.440613215581264,0.5621770573100132,6.769029594485378,0.7896229480092184,0.734213284319174,3.60834268072034,2.223317041658003,3.474912514641558,0.7158226675503538
rir_0101.wav,3.512740941542286,2.8760987377977716,4.55041911899472,2.1521117362787003,3.972759475670838,2.355623045593017,2.1422147742488544,0.6613356766161549,0.7081526895976968,3.698619215421685,0.33883198647792073
rir_0102.wav,6.7884647447991044,5.699488286237955,10.13554747070463,3.6529291651718783,5.316069730918374,1.425244374808999,1.2431543267349332,6.340016650190375,3.6429727079025245,3.431297280163322,1.2335971051800805
rir_0103.wav,3.6586634979894765,3.2453924802196266,14.66899186530582,0.7014737226592193,5.595023416664966,2.6820541052982017,2.5633998117487105,13.10706789450696,1.513881370642901,7.8270178571599365,0.3270128391156678
rir_0104.wav,8.908782303736707,3.427058994246547,5.289734125128841,7.520788380068185,2.359856261777795,0.5406780937490938,8.360426656203717,3.3011560387418353,2.319086961754404,2.1803155291526797,0.44067413002354133
rir_0105.wav,10.411208178716766,4.488154344062943,7.26419331720264,1.9954713924905825,6.003089256276895,2.1543406348944427,2.134560060298137,5.670009220939864,2.546559114752334,0.5330321785733326,1.7698826817076558
rir_0106.wav,10.465686118944703,4.903207473060487,12.39678396838871,4.414300728954415,9.968411022945297,3.211809897925116,2.763605441142319,8.531024766735111,2.3120273718859186,2.3665339162818837,0.7480996914880791
rir_0107.wav,6.3462922989626875,4.3088778869537885,9.977837280985906,1.4706056256713267,5.472482375516336,3.7494550690059834,3.1014594818342003,1.0147416144685335,3.415778494492502,4.758411189593371,2.5
rir_0108.wav,13.680978712089042,3.5482782433050644,9.633163024372703,12.101094149476081,1.0666215722965187,2.6767738121924203,13.091284880178051,8.525088545408533,1.0028814303165638,7.707861115658015,1.0466373916306602
rir_0109.wav,10.386612624256564,3.0750846215607677,14.439575142757,5.040291677141822,2.7870622463013066,0.6742118867242453,8.1857900713711,4.3680102805762955,1.5594216090517392,3.6300348603945993,2.5
rir_0110.wav,14.79084527161902,3.5249493971316173,13.568869683251103,13.475802202950582,3.106637678077331,2.296546219843169,9.02872631677967,8.106445860911078,1.8146761462812075,6.70870811485257,0.9841642433271399
rir_0111.wav,13.8187529818854,2.9424515446994866,3.450311397651344,3.9794039840065114,0.7215113764713826,2.3355098847077307,6.5795520624058925,2.8432519880149076,1.8330548825257769,3.3933780045103656,0.6070674917977419
rir_0112.wav,4.842586912454348,5.321558751870933,15.937271742500572,1.0389258936810755,1.1370739250227588,1.0523085704561697,3.3571672584035412,9.585218405013055,4.169329107657208,9.298451764096745,1.7395185206686454
rir_0113.wav,14.189714122179742,4.07092980472117,10.381395741096926,10.551646566600876,9.784167866160844,1.4611166913239446,3.129219653903347,1.1262649490402403,1.3992515001515222,11.404189208290997,0.5476526654534286
rir_0114.wav,7.458081142951649,4.129123441674882,7.841167182010772,2.630046565334273,3.387489386173149,0.9349582408602712,2.3852238726194592,7.201193822119304,0.5407417668528345,3.8418337163394214,1.8630598185094993
rir_0115.wav,12.826068744719546,4.510732616739142,5.615182190128488,1.8655054619501463,4.8439241874477394,3.134615215825238,3.6129763351450794,1.9864619689789045,1.2815697596483673,3.8278613147943648,0.43062056295209494
rir_0116.wav,4.085296337706229,5.695771237599637,12.999623309345676,0.808173597722366,11.493352499119398,2.5985576700252846,3.5675199021364428,4.349780805479902,4.034869024409039,7.791508125939597,0.4315207499502753
rir_0117.wav,5.2552247500912905,3.1393793837887896,13.819196121109702,3.0733406757849964,1.6853077401786472,1.8490357140569778,0.982524142748854,2.2986659585778138,1.754694468068863,2.180968213796264,0.6735126323674832
rir_0118.wav,4.139651943964234,4.222653113214341,16.15240247910863,2.7298042511452527,3.3762760424294807,2.172797665276903,2.0717673091977824,2.4396395305726943,1.0366674121401216,1.6127902915145147,1.6967205762195332
rir_0119.wav,6.065551576428966,3.648693105729298,5.916214722639708,5.314634578405434,5.207566407975305,2.70978531480657,2.586310615033921,4.27202712026781,2.502747225935494,2.891686390014462,1.0773091910797454
rir_0120.wav,10.31936944181665,2.6534373494174055,18.724313283212236,5.480290135916497,16.01075906090983,1.0719973367348459,6.204769303376748,4.508183523087292,1.7143437395579455,11.543254435756717,0.9177250827704408
rir_0121.wav,8.16935720446595,5.367047899948302,8.08502290658836,1.8646412034355047,4.571760991138141,0.9396209759965161,6.6449839172958765,4.296825665201091,3.086656982674937,5.247573678318359,1.2914518627092944
rir_0122.wav,10.008662161004555,5.270351946363999,6.054849759872061,6.188245835023958,2.714252744844552,4.1068781139924715,8.257349668054593,3.458026336954782,4.5293608542917125,2.2389465143306517,0.45128377715234264
rir_0123.wav,9.29789301312815,3.7033010269876696,18.674466282659647,7.892573116052606,2.216662042290754,0.7709800445490435,4.15163623430571,8.773337475597042,0.6528123953591488,7.549739405055745,2.4771177639253823
rir_0124.wav,11.12253602908994,4.415917701833232,13.3068873531786,1.5128479698145785,6.730172907208848,2.028196342093793,6.588771800907853,1.1730682711474547,1.1516942476668188,7.57724690086911,2.5
rir_0125.wav,12.91854177584423,5.65343005525978,4.220133250911664,3.132051219404744,2.9181126851574937,4.501984295258348,3.2251572281140253,3.344645702929118,4.509974197988821,0.4366497253552141,0.5012345335356921
rir_0126.wav,8.285761719420753,3.1898347051270033,4.940796359074611,4.6516442808698395,3.440864950355832,2.4741594192646774,1.1169812771428724,2.254892161513117,1.1859030943664397,3.9446138422451225,0.7278954866739361
rir_0127.wav,8.39430704646106,4.021705829150471,11.508527374565922,1.9188045860225953,2.7867191325980656,3.518761475828115,3.5478926275439755,3.8111718736246454,0.7022799295467375,3.4111580975041864,1.9684021821076276
rir_0128.wav,4.593092938861005,3.0206477138992187,16.08316804791509,1.4747993707434903,6.4630620633366025,2.0990626645350305,0.7027906617207459,10.61714642267835,0.7291185065482003,4.4417520537887905,0.4702043151495971
rir_0129.wav,10.847042504954919,3.8899138485213096,12.032170573434772,0.8779380727654555,4.703836004550711,1.7892957071864501,2.6930608531366826,5.494621245582332,1.5937252725384128,1.9895375845066197,0.7602801441408557
rir_0130.wav,6.668486918243212,3.8919810919791065,15.574872688169734,2.7751581244452046,14.327899617633987,3.0145476875762927,1.2944363468411375,14.271507406277474,1.2217166124648067,2.3259321417569416,0.7467581992281643
rir_0131.wav,10.259219884883164,3.6962331426325985,9.649053259287903,3.9510187328742172,3.8364523911326276,1.1838626223118371,8.722989474888278,6.91064641616829,0.9105689379110365,5.683050510433332,0.5699259100081917
rir_0132.wav,5.608871629625236,5.586258614131,11.517800247849625,0.5548881934750867,6.608366326571484,3.960906851977318,1.4760059490929083,4.5980912215321785,1.9615988842157515,2.9810897785222923,2.5
rir_0133.wav,6.01664476548301,2.8669918385180337,6.450307920417161,2.50407959638126,3.791041105894666,1.1366022177402806,3.6783423122677545,2.7834520321398304,1.5419178198761947,1.5995028617686349,0.35204577332493486
rir_0134.wav,10.151378404232737,3.273937488971549,19.865699639707568,3.2367972380652477,11.597323236573285,2.3777667394130053,6.131039537637103,3.569551602549156,1.4476283851516667,8.584108180512487,0.7937429146580398
rir_0135.wav,8.917200395467454,2.66048494229607,19.283309386589867,7.443645053027409,16.344856244110055,1.2647155079721315,2.755573254015669,3.8853824723550088,0.9388117025834093,13.316257625628454,0.6594869416430438
rir_0136.wav,13.821044418820177,5.679004388574046,18.3854325919692,6.729724279408804,12.661624851892217,2.264421332583483,5.918876883654503,5.480503728706827,1.1796918937858545,7.307709082910673,1.2484071725361874
rir_0137.wav,11.550570776208762,3.333439998245409,4.101926196735285,5.495588686784652,1.0151343241446615,1.4832398304324719,1.212875414149126,0.5947442523791672,1.3585215049792618,4.305103419054105,1.294322761467205
rir_0138.wav,4.466072580439839,5.860317559628899,19.21309793939976,3.112126339352792,17.846485795226883,0.7231798805714098,2.5364107874948374,16.050653455478045,4.373802944933335,4.108954970207162,0.6918558073162442
rir_0139.wav,3.4713225429573016,5.770826347437947,14.547791870705787,2.669194542646728,9.732412139983417,3.7948958004637423,1.708151198130233,11.544646472668191,0.9933811781417426,3.4722156853635773,1.2378588152816399
rir_0140.wav,10.430019293693057,5.529766113719801,5.082277361679974,1.6017871395647556,1.1603441253110711,4.017814025670048,7.797012249261091,1.4512934707860994,4.644192103233791,6.233603707126142,0.453513179042309
rir_0141.wav,8.621114730548653,4.433481571284856,15.374921101092813,2.554971593625583,11.72470546450328,2.006516709956952,6.405004730693885,9.182886566076425,1.686537714286008,4.624498354048197,2.5
rir_0142.wav,6.190344666991204,4.441889665959475,9.858647107369148,0.6419525919359108,0.610006705493133,2.868834748740052,3.9174315536647257,7.662499991355126,1.5671475017669607,7.884212938828387,0.8692628934508995
rir_0143.wav,9.674937759487587,5.252917659911292,8.157918733737182,4.303684425413962,6.148279798899835,1.820944113945501,5.887789487826894,7.42224335485034,1.3351351019491224,2.090067555556335,0.5878004857380091
rir_0144.wav,3.83591718131163,3.7092518840527555,7.103279904098777,3.1765627861181263,5.723980516741459,3.0763417412328304,3.177745844689775,2.1513887100336855,2.2005594314210573,3.6783703281701174,0.32051163884386397
rir_0145.wav,4.991947226429783,3.4833571593720114,4.124306417105733,3.3244215825088714,3.176984049957103,1.1352756597258322,2.1564324514995663,1.5596296237901204,1.040749146243371,1.9972403990879393,0.3469066991984412
rir_0146.wav,10.97807648414598,3.1732441526640227,17.832301023374775,5.194655695067658,9.173278146803518,0.6294944901162952,8.39661828402977,12.445745385470357,2.1817075817978373,4.834353289867042,1.0500474445760262
rir_0147.wav,3.07041129568768,4.747887281693551,13.623249739659201,2.4420443477240226,11.674786139550026,1.8558675246833973,2.3756671548509063,2.0729361526531345,4.0248761719152695,9.84400973254152,0.553650120677678
rir_0148.wav,14.925135046318363,4.51636029063444,6.745028478339073,8.636032836314165,6.134779755573411,1.0482356265271395,0.6095474748371614,4.026147762796921,3.384088382251766,8.621311050843225,0.5087660809225986
rir_0149.wav,4.509393805579258,3.5558179611086542,13.097827564297262,1.053386434428126,3.7728396060545695,2.233883759418061,0.7447028404856063,6.480869007971767,1.5089044037002126,2.820337545230065,0.35936396207096444
rir_0150.wav,8.889775303564996,3.371876523172844,12.39558579402746,2.1210382436985142,9.555052409045787,2.6788642213674274,8.107281850012342,11.091568943239476,1.6913547477816013,6.258687604794277,0.4417539202263666
rir_0151.wav,14.733032165406241,3.8582130488528734,6.933202103539865,10.282513529162445,1.789081252272232,0.5384522007055785,3.810978990861612,1.0049624177057637,0.7228260958063392,6.52147187070044,0.5171364078830186
rir_0152.wav,6.961227310545022,4.3491555511574695,19.20664359437926,2.6191579642631684,18.50716218224635,0.7321725358071284,1.8803329432038491,2.601572872781492,3.2978469938485184,16.128121995996686,0.503007250651236
rir_0153.wav,5.026341914256115,4.866607533110158,11.153920946279662,3.9932565380886307,4.235848535985389,0.6901151604473796,4.398878555518948,6.331323128343279,1.1260390896883778,2.1784335336031293,0.5176036444070304
rir_0154.wav,5.475759902268279,4.729735304936344,17.16065857161678,0.711169006569994,14.58386644977325,2.9833555932017526,1.4646905977018954,12.627934846446394,3.065867197601064,2.0976823854090183,1.5113241402488404
rir_0155.wav,8.850924623357788,2.615944348885226,14.54239003138286,1.0182166118332603,12.157501202689357,1.9071161874014855,4.646028041714945,8.053703582932453,0.7438132890336486,5.599593227016908,0.3793224498828774
rir_0156.wav,13.604808374301527,3.5040383175263576,4.807140254295061,2.037375323753791,2.4593226102313754,2.188583047671575,11.934481252425403,4.21359897112311,0.7505628380477832,10.153723131788496,1.1668948852141183
rir_0157.wav,12.752497869982243,4.570275805969597,11.71487711127773,10.571723094318958,5.771401308478634,3.358328543882953,0.6061296869219032,8.211336931942059,1.5993110098309762,10.409634023024239,0.5972504294778831
rir_0158.wav,12.45825438539331,3.113618692907072,9.484358709570666,9.149229715849048,3.229248230965512,2.3034344347439397,6.05030282646903,3.9292798739590937,0.8620774262104265,3.488682013735772,0.899802663675648
rir_0159.wav,4.757104514229415,3.5532600955757285,17.813743679014898,2.630262541369276,15.764475355770946,1.2114778373526138,3.488928254510985,8.214267910920254,2.2233946595976475,7.665958186837863,2.0613003845222244
rir_0160.wav,14.956040250929624,4.817670982629847,14.7005375114933,13.462399249660887,11.578085303496634,0.9477534591384029,9.40268543596886,7.761923947455051,4.298626934251622,6.5017472106076495,0.6499239952330127
rir_0161.wav,3.340217244044969,3.450983630518799,15.082282469121555,2.374784861510036,9.693730479565092,2.3725736478647117,1.5409946589648853,13.976382120850618,1.9613702951274294,4.382396533834915,0.42428624546730004
rir_0162.wav,8.90438347393273,4.538123078145432,14.98413686623561,2.6855804247002517,13.775109999011333,1.3170049306862777,4.753818633124918,2.856745936656756,0.6850734765384046,11.130481591002479,2.5
rir_0163.wav,3.669853752239912,5.091138458552198,13.595356843046071,2.915270302185547,10.35122902140432,1.8533794473885359,2.484759752186472,7.200785613683065,3.8556970022053494,3.7576466823322283,0.4617891504978327
rir_0164.wav,4.392849247547302,3.6503373126135217,12.666470643448914,0.7408118248227283,0.881652771530623,0.8791663905517967,3.8724654694049363,12.147759404481016,2.777308631743026,11.846322517238349,0.3722529161433421
rir_0165.wav,13.53123034128658,3.301593132949038,14.635199547048936,10.423366068119112,0.6582852425171637,1.1282374726539086,5.23522404773238,6.9501846440707,1.848587705170917,8.186801583064021,1.0244536639750415
rir_0166.wav,12.051505405732827,3.318229960509536,10.824493216358537,9.099132513846701,8.722412697009313,0.7197773575992106,5.804151720802461,6.1575403978269625,0.7723406366528883,4.175910827106858,0.7290731870619315
rir_0167.wav,7.670800801993599,3.5476036060377285,17.944071320997665,5.31680507570349,1.576167973465991,1.2119803378786327,5.272212654884623,8.889077835703887,2.395715951755176,7.408229825050681,1.2848242355559016
rir_0168.wav,4.537303175428722,4.538963497540512,7.76802977101465,0.5869958528092466,5.461807430524903,2.1589856822752562,2.192714697879735,4.705068895944804,3.6540122582692804,2.3207952693120855,1.0174890065736164
rir_0169.wav,9.881238859749288,5.840086588248759,11.24696961535193,4.3343933858456465,8.691774009495719,2.2866434474576813,8.876213582812035,10.106194969313671,3.2524222120754844,4.854013388458136,0.8596920891345451
rir_0170.wav,14.235160208673861,4.825964310852363,15.086889499482593,10.793040517276468,3.59981888168564,3.2208314612682476,3.5685203364572633,4.863677424844509,1.506514019215501,7.53192635069581,0.5864353955831895
rir_0171.wav,12.69057519586042,3.345281285063151,8.918429085076841,6.841347428936119,7.940622475831221,1.898528071088794,3.1461097893527175,3.543097330506549,0.9534901662212925,5.821177308620056,0.620620741707493
rir_0172.wav,10.472475614004377,4.826816962274998,13.888690615504252,3.9458760147744436,4.696763190123621,1.3778839222843293,3.527372873011964,5.6527355310770515,3.9453987729189532,2.771490664707782,2.1280302894741685
rir_0173.wav,6.078558999276019,3.082005918455456,3.0183425924121385,4.635813170130885,1.2251837441267055,1.4810713444961008,2.0096769792579954,1.965590977759092,1.652072362536649,2.733868232523001,0.2763272878385777
rir_0174.wav,9.251301879913434,2.9143510417806495,4.565160834433543,1.976273272682092,1.2413301947937752,1.56411602556052,1.6637584376143482,1.7502478613410264,0.9185658627981786,0.8794303418144064,1.601726681031593
rir_0175.wav,12.205929783654819,2.5489980640431984,13.259750868525973,10.294709830959066,4.868874414437535,1.303136405351678,5.448110821414063,3.294479724189935,1.15310342418532,5.098112444369986,0.4361503500277649
rir_0176.wav,3.11997419983772,4.252400762210206,19.698282756567227,1.0371482002473442,16.273496242711754,3.3318808798581494,2.127924667346573,15.216989757251596,3.643878671593932,1.5502715494534673,0.4032351235091375
rir_0177.wav,9.23603325721863,5.095455933244974,17.18272534825259,4.265216348788255,11.123819395108328,2.741539603334259,1.3391791551284213,3.5333420036632868,3.699714216946203,8.19116226666823,0.5734130135433743
rir_0178.wav,9.585129887977612,5.3202567204698195,14.967815480071382,5.315120940521344,5.647123429407891,3.229547395401895,0.5514005832272987,3.57250010718798,4.406768707898233,5.327564508308847,0.7549005863201274
rir_0179.wav,9.950413363944186,5.8646281481056795,3.087820571436637,3.908026536962474,1.8272150432722776,1.3203567473018456,5.446883443894797,1.9395780168861887,0.5674914822921124,1.7168320025881545,0.39872865535728846
rir_0180.wav,11.492987131627403,2.8388286087537677,9.775702474426101,3.974181157724207,7.72254709958496,1.840823371467814,6.673721674070552,9.220982991668329,2.1745056727345156,3.105506882983487,1.1872263347273777
rir_0181.wav,11.254630026635201,5.548308862731222,11.064799646764461,7.313158575110446,7.316637875038557,2.8868459846583585,10.246024264281287,6.340272928198271,1.5712812410270864,3.3594196306534263,1.461420414783508
rir_0182.wav,8.511809027437423,4.9531407361217505,15.54348885551294,0.9512612635565232,4.716495542419629,1.3763108332346043,6.8387510497713135,12.008696552166324,3.562685530682505,9.623874784460499,0.5854819789796777
rir_0183.wav,11.041895506298138,5.154693033319711,11.435169559924041,1.85021450332868,6.197937540985474,3.8196169451566555,5.242790822004572,9.322184416894585,0.6774719209717832,5.580642254497063,0.7201450385583171
rir_0184.wav,10.16100369460802,4.8332045961949275,5.982883033036988,6.231679374146133,2.0301853244388837,2.1506011294364766,3.098230348742525,4.054655494428216,2.63994395573309,3.7625043077221076,0.426795932636521
rir_0185.wav,3.4611704343324097,3.811231715642871,10.364413109586447,0.5869697537612155,3.970818977103256,2.2209052138768435,2.009826176206701,7.308940027506446,3.17400232866906,3.751795124505669,1.1033405370294795
rir_0186.wav,9.560870204918805,4.591030711807474,15.961406981964434,7.8613692290008945,2.2649980848374778,3.598408831955923,7.030398136887517,6.681256346690294,2.4225248173836627,4.6450568572449065,1.1011754982865671
rir_0187.wav,4.344321816604337,4.384565798758422,5.449853586802713,1.5195598772788468,1.4963702986238,3.2386357377566286,2.9584524073041782,4.3025142760817525,3.7233122162926757,3.1905747168860255,1.143806239696781
rir_0188.wav,13.397499709753836,5.070004704034437,9.829479593570648,0.6338606078479384,6.370309858732306,0.796193350325286,3.5611794759226267,5.430840423641097,1.7469958523872848,3.218046608236746,0.5660525346389833
rir_0189.wav,10.202865565205393,4.855311189360724,17.85326071618656,3.8495420764216273,16.47154477357057,2.6814284448242325,7.203945571608439,13.435023912578494,2.6496555607418637,4.524764221915268,1.2305745635234864
rir_0190.wav,3.5824212924981618,2.7291148906827045,9.59253003158226,0.9557399231356554,3.984936559082669,1.816303636466443,2.737871309925542,1.7488815694924986,1.5517159184603577,2.8715746301937566,0.7801261059513209
rir_0191.wav,11.043207777329492,4.07502721498209,3.6822327635956453,6.587178955370873,2.7247084573838776,0.630819575796611,6.812510500459609,1.8446892517594573,1.092340597014683,1.0189257875361115,0.4077063990692839
rir_0192.wav,13.154385512196704,3.9536761733693857,15.775876552454891,6.468644193338942,9.722482104859463,0.7997391606946495,9.393659130326862,14.1552003229472,3.1299676831170062,5.799540339482092,0.6237012605995923
rir_0193.wav,4.778016308518021,4.877288615285077,6.73734677831461,2.546305574757688,4.029248480617714,1.2247542503238604,0.9897748253814452,3.1412149362788697,1.2873209712333415,1.7931274757222762,0.6768172894144919
rir_0194.wav,9.790494594413827,3.320817750529668,9.953252486476783,2.5378901408502177,3.9172947554583697,1.577224683848532,5.923849374320845,2.9877794129624444,1.8821478514562335,3.5244427702552117,0.4919498477555597
rir_0195.wav,13.847519515059346,5.106153262680455,9.986027542069777,6.898480610133959,6.566827233515884,3.4199147409789807,12.333690054537838,6.012740445016604,2.868033260031684,5.491182663392209,1.5354370045633134
rir_0196.wav,9.341073878289382,5.47897932972896,6.68968578194955,5.765493416349547,1.09211432909519,2.2407305541031315,3.414422729553013,4.149788156011099,2.614648785116485,3.8751409586755243,0.8574380638970612
rir_0197.wav,9.032800348857512,3.2928652043871955,4.960536259909085,6.742159152850702,3.0087326925997235,2.7707904480099126,5.138359697995166,3.9034861507781726,1.3495034898340494,2.322243109538277,0.41450464103535145
rir_0198.wav,7.305651070493528,4.529516177231692,6.004633266359921,0.598332183366237,5.441093972125311,2.9646908590541114,4.904221585014852,4.227777605257402,2.720600476667522,4.4802232377542355,0.9039483295277513
rir_0199.wav,11.814496922477439,5.398783743240312,3.3011195758842473,8.353030705473687,1.1549778627507126,3.627214475106595,3.2452723127193672,1.4889373053999095,1.2734414748887102,5.6339126763415015,0.6675671233287626
